Topic,Source
"solidity","/Users/rene/learn/blockchain/ethereum/ERC720/Blockchain-Course-ERC20-CourseToken/contracts"
"solidity","/Users/rene/learn/blockchain/ethereum/ERC720/jsteele-dev-ether-solid/custom-token/contracts"
"solidity","/Users/rene/learn/blockchain/ethereum/ERC720/willitscale-erc223/contracts"
"solidity","/Users/rene/learn/blockchain/ethereum/ERC721/cipherz-erc721/contracts"
"solidity","/Users/rene/learn/blockchain/ethereum/ERC721/kscarbrough-erc721y/contracts"
"solidity","/Users/rene/learn/blockchain/ethereum/ERC721/loomnet-erc721x/contracts"
"solidity","/Users/rene/learn/blockchain/ethereum/acloudfan/Blockchain-Course-Basic-Solidity/contracts"
"solidity","/Users/rene/learn/blockchain/ethereum/acloudfan/Blockchain-Course-ERC20-CourseToken/contracts"
"solidity","/Users/rene/learn/blockchain/ethereum/acloudfan/Blockchain-Course-Patterns/contracts"
"solidity","/Users/rene/learn/blockchain/ethereum/acloudfan/contract-design-pattern/contracts"
"solidity","/Users/rene/learn/blockchain/ethereum/ethereum-solidity-sgrinder/inbox/contracts"
"solidity","/Users/rene/learn/blockchain/ethereum/ethereum-solidity-sgrinder/kickstart/ethereum/contracts"
"solidity","/Users/rene/learn/blockchain/ethereum/ethereum-solidity-sgrinder/lottery/contracts"