Topic,Source 
"golang","/Users/rene/learn/go-workspace/src/build-microservice-go"
"golang","/Users/rene/learn/go-workspace/src/chapter7-master/server"
"golang","/Users/rene/learn/go-workspace/src/cobra-cli-example/cmd"
"golang","/Users/rene/learn/go-workspace/src/cqrs-meows/db"
"golang","/Users/rene/learn/go-workspace/src/cqrs-meows/event"
"golang","/Users/rene/learn/go-workspace/src/cqrs-meows/meow-service"
"golang","/Users/rene/learn/go-workspace/src/cqrs-meows/pusher-service"
"golang","/Users/rene/learn/go-workspace/src/cqrs-meows/query-service"
"golang","/Users/rene/learn/go-workspace/src/cqrs-meows/schema"
"golang","/Users/rene/learn/go-workspace/src/cqrs-meows/search"
"golang","/Users/rene/learn/go-workspace/src/cqrs-meows/util"
"golang","/Users/rene/learn/go-workspace/src/elastic-go/search-api/main.go"
"golang","/Users/rene/learn/go-workspace/src/ethclient-wtf/main.go"
"golang","/Users/rene/learn/go-workspace/src/ethereum-go-book"
"golang","/Users/rene/learn/go-workspace/src/ethereum-sgrinder"
"golang","/Users/rene/learn/go-workspace/src/feelings/cmd"
"golang","/Users/rene/learn/go-workspace/src/feelings/pkg"
"golang","/Users/rene/learn/go-workspace/src/functional-go/1-fundamentals"
"golang","/Users/rene/learn/go-workspace/src/functional-go/2-design-patterns"
"golang","/Users/rene/learn/go-workspace/src/functional-go/closure"
"golang","/Users/rene/learn/go-workspace/src/functional-go/hoforig/main.go"
"golang","/Users/rene/learn/go-workspace/src/functional-go/hoforig/hof"
"golang","/Users/rene/learn/go-workspace/src/gin-web/main.go"
"golang","/Users/rene/learn/go-workspace/src/gin-web/book.go"
"golang","/Users/rene/learn/go-workspace/src/go_classical_patterns_code"
"golang","/Users/rene/learn/go-workspace/src/go-behavioral-pattern"
"golang","/Users/rene/learn/go-workspace/src/go-concurrency"
"golang","/Users/rene/learn/go-workspace/src/go-delve-debugging"
"golang","/Users/rene/learn/go-workspace/src/go-design-pattern-realworld"
"golang","/Users/rene/learn/go-workspace/src/go-in-practice"
"golang","/Users/rene/learn/go-workspace/src/go-mongo-docker"
"golang","/Users/rene/learn/go-workspace/src/go-security"
"golang","/Users/rene/learn/go-workspace/src/go-solutions"
"golang","/Users/rene/learn/go-workspace/src/go-std-lib"
"golang","/Users/rene/learn/go-workspace/src/go-systems-programming"
"golang","/Users/rene/learn/go-workspace/src/go-testing-applications"
"golang","/Users/rene/learn/go-workspace/src/go-wasm/main.go"
"golang","/Users/rene/learn/go-workspace/src/goblog"
"golang","/Users/rene/learn/go-workspace/src/graphql-demo/main"
"golang","/Users/rene/learn/go-workspace/src/graphql-demo/model"
"golang","/Users/rene/learn/go-workspace/src/graphql-go-cookbook"
"golang","/Users/rene/learn/go-workspace/src/graphql-grpc-postgres/account"
"golang","/Users/rene/learn/go-workspace/src/graphql-grpc-postgres/catalog"
"golang","/Users/rene/learn/go-workspace/src/graphql-grpc-postgres/graphql"
"golang","/Users/rene/learn/go-workspace/src/graphql-grpc-postgres/order"
"golang","/Users/rene/learn/go-workspace/src/graphql-mogaleaf/data"
"golang","/Users/rene/learn/go-workspace/src/graphql-mogaleaf/main"
"golang","/Users/rene/learn/go-workspace/src/graphql-mogaleaf/model"
"golang","/Users/rene/learn/go-workspace/src/graphql-mogaleaf/resolver"
"golang","/Users/rene/learn/go-workspace/src/graphql2-go-cookbook/main.go"
"golang","/Users/rene/learn/go-workspace/src/graphql2-go-cookbook/cards"
"golang","/Users/rene/learn/go-workspace/src/graphql2-go-cookbook/example/main.go"
"golang","/Users/rene/learn/go-workspace/src/grpc-demo/main.go"
"golang","/Users/rene/learn/go-workspace/src/grpc-demo/client"
"golang","/Users/rene/learn/go-workspace/src/grpc-demo/server"
"golang","/Users/rene/learn/go-workspace/src/grpc-example/client"
"golang","/Users/rene/learn/go-workspace/src/grpc-example/server"
"golang","/Users/rene/learn/go-workspace/src/grpc-smaarek/calculator/client"
"golang","/Users/rene/learn/go-workspace/src/grpc-smaarek/calculator/server"
"golang","/Users/rene/learn/go-workspace/src/grpc-smaarek/greet/greet_client"
"golang","/Users/rene/learn/go-workspace/src/grpc-smaarek/greet/greet_server"
"golang","/Users/rene/learn/go-workspace/src/grpcdemo/client"
"golang","/Users/rene/learn/go-workspace/src/grpcdemo/server"
"golang","/Users/rene/learn/go-workspace/src/grpckube/api"
"golang","/Users/rene/learn/go-workspace/src/grpckube/gcd"
"golang","/Users/rene/learn/go-workspace/src/ultimate-go"